[{"id":"tMUlD","title":"New Requests","description":"This shows all whe new requests","metrics":[{"id":"6Ad21","title":"Total","description":"","value":0,"emphasized":false,"filters":{"status":{"inclusionType":"INCLUDE","values":["NEW"]}},"perUser":false},{"id":"7OzvS","title":"> 24 HRS","description":"","value":0,"emphasized":true,"filters":{"status":{"inclusionType":"INCLUDE","values":["NEW"]},"age":{"inclusionType":"INCLUDE","values":["0,1"]}},"perUser":false}]},{"id":"7civY","title":"My Requests","description":"Filter your requests","metrics":[{"id":"OmMWJ","title":"Total","description":"","value":0,"emphasized":false,"filters":{"status":{"inclusionType":"INCLUDE","values":["ASSIGNED","IN_PROGRESS_SUPPLIER","IN_PROGRESS_SALES","IN_PROGRESS","QUOTED","ACTIVE_ASSIGNED"],"perUser":true}},"perUser":true},{"id":"SK9pU","title":"> 30 DAYS","description":"","value":0,"emphasized":true,"filters":{"status":{"inclusionType":"INCLUDE","values":["ASSIGNED","IN_PROGRESS_SUPPLIER","IN_PROGRESS_SALES","IN_PROGRESS","QUOTED","ACTIVE_ASSIGNED"],"perUser":true},"age":{"inclusionType":"INCLUDE","values":["0,30"],"perUser":true}},"perUser":true},{"id":"BwOds","title":"Assigned","description":"","value":0,"emphasized":false,"filters":{"status":{"inclusionType":"INCLUDE","values":["ASSIGNED"],"perUser":true}},"perUser":true},{"id":"rTSM6","title":"In Progress Sales","description":"","value":0,"emphasized":false,"filters":{"status":{"inclusionType":"INCLUDE","values":["IN_PROGRESS_SALES"],"perUser":true}},"perUser":true},{"id":"LiQMP","title":"In Progress Supplier","description":"","value":0,"emphasized":false,"filters":{"status":{"inclusionType":"INCLUDE","values":["IN_PROGRESS_SUPPLIER"],"perUser":true}},"perUser":true}]},{"id":"ryMb6","title":"In Progress Supplier","description":"that's the supplier filter","metrics":[{"id":"8Hr9o","title":"EMEA","description":"","value":0,"emphasized":false,"filters":{"status":{"inclusionType":"INCLUDE","values":["IN_PROGRESS_SUPPLIER"]},"region":{"inclusionType":"INCLUDE","values":["Europe","Middle East & Africa"]},"country":{"inclusionType":"EXCLUDE","values":["ROU"]}}},{"id":"KIYyO","title":"AMER","description":"","value":0,"emphasized":false,"filters":{"status":{"inclusionType":"INCLUDE","values":["IN_PROGRESS_SUPPLIER"]},"region":{"inclusionType":"INCLUDE","values":["Americas"]}}},{"id":"pCDdg","title":"APAC","description":"","value":0,"emphasized":true,"filters":{"status":{"inclusionType":"INCLUDE","values":["IN_PROGRESS_SUPPLIER"]},"region":{"inclusionType":"INCLUDE","values":["Asia Pacific"]}}}]},{"id":"ErWhc","title":"Test tile","description":"this is a test tile","metrics":[{"id":"zkUm4","title":"Mine","description":"","value":0,"emphasized":true,"filters":{"status":{"inclusionType":"","values":["NEW"]}},"perUser":true},{"id":"TGdvF","title":"Total","description":"","value":0,"emphasized":false,"filters":{"country":{"inclusionType":"EXCLUDE","values":["DEU","DZA"]}},"perUser":false}]}]