[
  {
    "id": "6253e4a1b5ed5f8af920a098",
    "title": "UT",
    "description": "QUI ID ID CONSECTETUR COMMODO AD REPREHENDERIT CUPIDATAT AD ULLAMCO",
    "metrics": [
      {
        "id": "6253e4a16fa1c40c5edefd3e",
        "title": "SUNT",
        "description": "ESSE IRURE QUIS QUIS PROIDENT QUIS EXERCITATION LABORUM COMMODO SINT",
        "value": 966,
        "emphasized": true,
        "filters": {
          "status": {
            "inclusionType": "INCLUDE",
            "values": [
              "NEW"
            ]
          },
          "region": {
            "inclusionType": "INCLUDE",
            "values": [
              1
            ]
          },
          "age": {
            "periodMins": 5823
          },
          "user": [
            13951
          ]
        }
      }
    ]
  },
  {
    "id": "6253e4a1a3350de5a32a847a",
    "title": "DOLOR",
    "description": "EA CILLUM REPREHENDERIT LABORIS INCIDIDUNT EXCEPTEUR INCIDIDUNT NULLA EIUSMOD LABORE",
    "metrics": [
      {
        "id": "6253e4a158221b6f09b2a2fe",
        "title": "ADIPISICING",
        "description": "LABORE EXCEPTEUR ESSE EXERCITATION SINT UT UT ALIQUA LABORIS MINIM",
        "value": 519,
        "emphasized": false,
        "filters": {
          "status": {
            "inclusionType": "INCLUDE",
            "values": [
              "NEW"
            ]
          },
          "region": {
            "inclusionType": "EXCLUDE",
            "values": [
              4,
              5,
              5,
              1,
              6,
              6
            ]
          },
          "age": {
            "periodMins": 10649
          },
          "user": [
            13438
          ]
        }
      }
    ]
  },
  {
    "id": "6253e4a1ea4576a04537f478",
    "title": "ESSE",
    "description": "LABORUM EST LABORUM IN CONSEQUAT EIUSMOD ID EA ALIQUIP EIUSMOD",
    "metrics": [
      {
        "id": "6253e4a129b99b8dec054b4d",
        "title": "EXCEPTEUR",
        "description": "IRURE ADIPISICING AD UT COMMODO ID NON EU ULLAMCO OFFICIA",
        "value": 334,
        "emphasized": false,
        "filters": {
          "status": {
            "inclusionType": "INCLUDE",
            "values": [
              "IN_PROGRESS",
              "NEW"
            ]
          },
          "region": {
            "inclusionType": "EXCLUDE",
            "values": [
              4,
              2,
              4,
              4,
              5,
              6
            ]
          },
          "age": {
            "periodMins": 14388
          },
          "user": [
            11644
          ]
        }
      }
    ]
  },
  {
    "id": "6253e4a16f6b14cd51acb0d3",
    "title": "CONSECTETUR",
    "description": "EXCEPTEUR ID PARIATUR VELIT ALIQUIP NISI AMET SINT IN MOLLIT",
    "metrics": [
      {
        "id": "6253e4a17e64a2029c344e86",
        "title": "CULPA",
        "description": "DOLOR PARIATUR NISI DO SUNT NON PROIDENT QUIS AUTE NON",
        "value": 332,
        "emphasized": false,
        "filters": {
          "status": {
            "inclusionType": "INCLUDE",
            "values": [
              "NEW",
              "IN_PROGRESS"
            ]
          },
          "region": {
            "inclusionType": "INCLUDE",
            "values": [
              2
            ]
          },
          "age": {
            "periodMins": 7306
          },
          "user": [
            8554
          ]
        }
      }
    ]
  },
  {
    "id": "6253e4a1b6c5afc5048a4c88",
    "title": "CUPIDATAT",
    "description": "CONSECTETUR CONSEQUAT CULPA ELIT ET CONSECTETUR ID UT LABORIS CULPA",
    "metrics": [
      {
        "id": "6253e4a116cb7d07ca621c3b",
        "title": "FUGIAT",
        "description": "VOLUPTATE EXERCITATION IN SINT MAGNA LOREM LABORUM NOSTRUD MOLLIT TEMPOR",
        "value": 664,
        "emphasized": false,
        "filters": {
          "status": {
            "inclusionType": "EXCLUDE",
            "values": [
              "NEW",
              "NEW"
            ]
          },
          "region": {
            "inclusionType": "INCLUDE",
            "values": [
              1,
              1,
              1,
              7,
              3,
              1
            ]
          },
          "age": {
            "periodMins": 9986
          },
          "user": [
            4473
          ]
        }
      }
    ]
  },
  {
    "id": "6253e4a154e711601ddec95c",
    "title": "CULPA",
    "description": "TEMPOR NISI COMMODO OFFICIA CONSECTETUR DESERUNT NOSTRUD CULPA MAGNA SINT",
    "metrics": [
      {
        "id": "6253e4a130bab86aeee0f846",
        "title": "CONSECTETUR",
        "description": "CUPIDATAT QUI CONSEQUAT DUIS EA INCIDIDUNT QUI CONSECTETUR ESSE NOSTRUD",
        "value": 50,
        "emphasized": true,
        "filters": {
          "status": {
            "inclusionType": "INCLUDE",
            "values": [
              "NEW",
              "IN_PROGRESS"
            ]
          },
          "region": {
            "inclusionType": "EXCLUDE",
            "values": [
              4,
              7
            ]
          },
          "age": {
            "periodMins": 11819
          },
          "user": [
            6150
          ]
        }
      }
    ]
  },
  {
    "id": "6253e4a1273a03d47a868908",
    "title": "SINT",
    "description": "IRURE AMET DUIS AMET COMMODO PROIDENT VELIT SIT AD ELIT",
    "metrics": [
      {
        "id": "6253e4a123f5d0b54e88314d",
        "title": "DUIS",
        "description": "ESSE LABORE NON MOLLIT OFFICIA DOLOR ID VOLUPTATE CONSEQUAT TEMPOR",
        "value": 750,
        "emphasized": false,
        "filters": {
          "status": {
            "inclusionType": "EXCLUDE",
            "values": [
              "NEW"
            ]
          },
          "region": {
            "inclusionType": "EXCLUDE",
            "values": [
              7,
              3,
              6
            ]
          },
          "age": {
            "periodMins": 6075
          },
          "user": [
            1901
          ]
        }
      }
    ]
  }
]